County Name,State,StateFIPS,2020-01-22,2020-01-23,2020-01-24,2020-01-25,2020-01-26,2020-01-27,2020-01-28,2020-01-29,2020-01-30,2020-01-31,2020-02-01,2020-02-02,2020-02-03,2020-02-04,2020-02-05,2020-02-06,2020-02-07,2020-02-08,2020-02-09,2020-02-10,2020-02-11,2020-02-12,2020-02-13,2020-02-14,2020-02-15,2020-02-16,2020-02-17,2020-02-18,2020-02-19,2020-02-20,2020-02-21,2020-02-22,2020-02-23,2020-02-24,2020-02-25,2020-02-26,2020-02-27,2020-02-28,2020-02-29,2020-03-01,2020-03-02,2020-03-03,2020-03-04,2020-03-05,2020-03-06,2020-03-07,2020-03-08,2020-03-09,2020-03-10,2020-03-11,2020-03-12,2020-03-13,2020-03-14,2020-03-15,2020-03-16,2020-03-17,2020-03-18,2020-03-19,2020-03-20,2020-03-21,2020-03-22,2020-03-23,2020-03-24,2020-03-25,2020-03-26,2020-03-27,2020-03-28,2020-03-29,2020-03-30,2020-03-31,2020-04-01,2020-04-02,2020-04-03,2020-04-04,2020-04-05,2020-04-06,2020-04-07,2020-04-08,2020-04-09,2020-04-10,2020-04-11,2020-04-12,2020-04-13,2020-04-14,2020-04-15,2020-04-16,2020-04-17,2020-04-18,2020-04-19,2020-04-20,2020-04-21,2020-04-22,2020-04-23,2020-04-24,2020-04-25,2020-04-26,2020-04-27,2020-04-28,2020-04-29,2020-04-30
Alachua County ,FL,12,0,0,0,0,0,0,0,0,0,0,0,0,0,0,0,0,0,0,0,0,0,0,0,0,0,0,0,0,0,0,0,0,0,0,0,0,0,0,0,0,0,0,0,0,0,0,0,0,1,1,1,1,1,1,2,6,7,11,21,25,35,36,37,46,53,60,68,72,80,87,92,95,110,115,123,133,139,144,154,167,174,180,187,195,196,200,201,205,210,218,224,226,231,244,245,251,254,255,262,267
Baker County ,FL,12,0,0,0,0,0,0,0,0,0,0,0,0,0,0,0,0,0,0,0,0,0,0,0,0,0,0,0,0,0,0,0,0,0,0,0,0,0,0,0,0,0,0,0,0,0,0,0,0,0,0,0,0,0,0,0,0,0,0,1,1,2,3,4,5,5,7,7,8,8,9,9,11,11,11,12,13,15,15,16,16,17,17,17,17,17,17,17,17,17,17,17,17,19,20,20,20,20,20,20,20
Bay County ,FL,12,0,0,0,0,0,0,0,0,0,0,0,0,0,0,0,0,0,0,0,0,0,0,0,0,0,0,0,0,0,0,0,0,0,0,0,0,0,0,0,0,0,0,0,0,0,0,0,0,0,0,0,0,0,0,0,0,0,0,1,1,1,1,1,3,3,4,5,6,6,8,13,15,18,23,24,24,25,28,34,36,36,37,38,38,39,42,44,48,55,57,58,60,60,63,63,65,68,70,70,72
Bradford County ,FL,12,0,0,0,0,0,0,0,0,0,0,0,0,0,0,0,0,0,0,0,0,0,0,0,0,0,0,0,0,0,0,0,0,0,0,0,0,0,0,0,0,0,0,0,0,0,0,0,0,0,0,0,0,0,0,0,0,0,0,0,0,1,1,1,1,1,1,1,2,2,2,3,5,5,6,7,9,11,15,20,22,24,29,30,31,35,39,40,42,42,42,42,42,42,42,42,43,44,44,46,46
Brevard County ,FL,12,0,0,0,0,0,0,0,0,0,0,0,0,0,0,0,0,0,0,0,0,0,0,0,0,0,0,0,0,0,0,0,0,0,0,0,0,0,0,0,0,0,0,0,0,0,0,0,0,0,0,0,0,0,0,0,1,2,3,4,5,7,7,9,12,14,20,27,30,32,37,47,49,62,72,79,92,98,105,111,121,123,133,148,163,173,192,205,210,215,218,224,226,235,247,250,252,266,268,270,285
Broward County ,FL,12,0,0,0,0,0,0,0,0,0,0,0,0,0,0,0,0,0,0,0,0,0,0,0,0,0,0,0,0,0,0,0,0,0,0,0,0,0,0,0,0,0,0,0,0,0,2,2,4,4,7,11,20,36,36,39,55,80,96,151,164,217,263,311,412,505,631,820,1012,1137,1219,1348,1481,1598,1765,1886,2075,2230,2365,2480,2679,2844,2945,3177,3261,3363,3466,3688,3838,3971,4078,4168,4254,4431,4591,4659,4729,4794,4847,4898,4953
Calhoun County ,FL,12,0,0,0,0,0,0,0,0,0,0,0,0,0,0,0,0,0,0,0,0,0,0,0,0,0,0,0,0,0,0,0,0,0,0,0,0,0,0,0,0,0,0,0,0,0,0,0,0,0,0,0,0,0,0,0,0,0,0,0,0,0,0,0,0,0,0,0,0,0,1,1,1,2,3,3,3,3,4,4,5,5,5,5,5,5,5,6,6,6,6,6,6,6,6,6,6,6,6,8,8
Charlotte County ,FL,12,0,0,0,0,0,0,0,0,0,0,0,0,0,0,0,0,0,0,0,0,0,0,0,0,0,0,0,0,0,0,0,0,0,0,0,0,0,0,0,0,0,0,0,0,0,0,0,1,1,1,1,1,1,1,1,1,1,1,2,2,2,3,3,3,5,8,16,16,20,24,26,38,43,46,47,55,67,76,81,104,112,113,119,123,124,127,131,138,138,139,143,154,178,199,202,203,211,219,223,236
Citrus County ,FL,12,0,0,0,0,0,0,0,0,0,0,0,0,0,0,0,0,0,0,0,0,0,0,0,0,0,0,0,0,0,0,0,0,0,0,0,0,0,0,0,0,0,0,0,0,0,0,0,0,0,0,0,0,1,1,1,2,3,3,7,8,8,9,9,9,10,11,15,16,17,19,23,27,28,34,43,46,51,55,58,64,67,71,72,74,74,80,82,82,84,86,92,92,94,95,95,97,97,97,97,99
Clay County ,FL,12,0,0,0,0,0,0,0,0,0,0,0,0,0,0,0,0,0,0,0,0,0,0,0,0,0,0,0,0,0,0,0,0,0,0,0,0,0,0,0,0,0,0,0,0,0,0,0,0,1,1,1,1,1,3,3,4,4,4,5,6,7,8,10,16,19,22,26,34,34,41,53,58,69,74,79,81,88,99,110,144,161,163,165,168,170,184,216,223,247,249,256,259,264,266,267,267,271,272,272,273
Collier County ,FL,12,0,0,0,0,0,0,0,0,0,0,0,0,0,0,0,0,0,0,0,0,0,0,0,0,0,0,0,0,0,0,0,0,0,0,0,0,0,0,0,0,0,0,0,0,0,0,0,0,3,3,3,3,5,5,6,7,13,18,27,28,33,39,41,57,67,85,95,111,127,146,158,178,203,221,231,249,271,282,303,327,352,361,376,380,396,416,445,457,463,470,477,487,507,526,535,552,562,568,581,596
Columbia County ,FL,12,0,0,0,0,0,0,0,0,0,0,0,0,0,0,0,0,0,0,0,0,0,0,0,0,0,0,0,0,0,0,0,0,0,0,0,0,0,0,0,0,0,0,0,0,0,0,0,0,0,0,0,0,0,0,0,0,0,0,0,0,2,2,3,3,3,3,3,3,3,3,3,4,4,10,13,15,16,16,18,23,25,26,27,28,34,35,35,36,39,40,43,44,46,46,47,49,53,55,57,58
DeSoto County ,FL,12,0,0,0,0,0,0,0,0,0,0,0,0,0,0,0,0,0,0,0,0,0,0,0,0,0,0,0,0,0,0,0,0,0,0,0,0,0,0,0,0,0,0,0,0,0,0,0,0,0,0,0,0,0,0,0,0,0,0,0,0,1,1,1,3,3,6,7,7,7,7,7,8,9,11,12,14,16,19,20,20,20,20,22,22,22,22,23,23,24,24,24,24,24,24,24,24,25,26,28,29
Dixie County ,FL,12,0,0,0,0,0,0,0,0,0,0,0,0,0,0,0,0,0,0,0,0,0,0,0,0,0,0,0,0,0,0,0,0,0,0,0,0,0,0,0,0,0,0,0,0,0,0,0,0,0,0,0,0,0,0,0,0,0,0,0,0,0,0,0,0,0,0,0,0,0,0,0,0,0,1,1,1,1,1,1,1,2,2,2,2,3,3,3,3,3,4,4,4,4,5,5,5,5,6,6,7
Duval County ,FL,12,0,0,0,0,0,0,0,0,0,0,0,0,0,0,0,0,0,0,0,0,0,0,0,0,0,0,0,0,0,0,0,0,0,0,0,0,0,0,0,0,0,0,0,0,0,0,0,0,1,1,1,1,4,4,5,10,14,15,15,25,39,50,50,60,60,99,120,142,163,207,239,286,323,387,413,478,521,557,595,618,639,668,691,718,746,776,817,835,854,896,909,936,955,955,965,984,990,1001,1007,1012
Escambia County ,FL,12,0,0,0,0,0,0,0,0,0,0,0,0,0,0,0,0,0,0,0,0,0,0,0,0,0,0,0,0,0,0,0,0,0,0,0,0,0,0,0,0,0,0,0,0,0,0,0,0,0,0,0,0,0,0,1,1,1,1,1,1,4,9,10,17,20,28,28,37,81,94,96,101,113,118,125,141,168,182,192,204,210,224,241,247,261,277,290,304,309,315,340,415,420,434,442,457,470,485,496,506
Flagler County ,FL,12,0,0,0,0,0,0,0,0,0,0,0,0,0,0,0,0,0,0,0,0,0,0,0,0,0,0,0,0,0,0,0,0,0,0,0,0,0,0,0,0,0,0,0,0,0,0,0,0,0,0,0,0,0,0,0,0,0,0,0,0,1,3,4,6,8,12,13,13,15,18,24,25,28,29,31,34,35,36,41,44,45,45,45,45,46,50,55,66,75,76,78,78,106,106,116,121,127,131,133,133
Franklin County ,FL,12,0,0,0,0,0,0,0,0,0,0,0,0,0,0,0,0,0,0,0,0,0,0,0,0,0,0,0,0,0,0,0,0,0,0,0,0,0,0,0,0,0,0,0,0,0,0,0,0,0,0,0,0,0,0,0,0,0,0,0,0,0,0,0,0,0,0,0,0,0,0,0,0,1,1,2,2,2,2,2,2,2,2,2,2,2,2,2,2,2,2,2,2,2,2,2,2,2,2,2,2
Gadsden County ,FL,12,0,0,0,0,0,0,0,0,0,0,0,0,0,0,0,0,0,0,0,0,0,0,0,0,0,0,0,0,0,0,0,0,0,0,0,0,0,0,0,0,0,0,0,0,0,0,0,0,0,0,0,0,0,0,0,0,1,1,1,1,1,1,1,1,1,1,1,1,1,1,1,2,3,4,4,5,6,9,12,14,14,17,36,38,40,44,47,48,51,57,57,59,69,79,80,81,87,94,94,95
Gilchrist County ,FL,12,0,0,0,0,0,0,0,0,0,0,0,0,0,0,0,0,0,0,0,0,0,0,0,0,0,0,0,0,0,0,0,0,0,0,0,0,0,0,0,0,0,0,0,0,0,0,0,0,0,0,0,0,0,0,0,0,0,0,0,0,0,0,0,0,0,0,0,0,0,0,0,0,0,0,0,0,1,2,3,4,4,4,4,4,4,4,4,4,4,4,4,4,4,4,4,4,4,4,4,5
Glades County ,FL,12,0,0,0,0,0,0,0,0,0,0,0,0,0,0,0,0,0,0,0,0,0,0,0,0,0,0,0,0,0,0,0,0,0,0,0,0,0,0,0,0,0,0,0,0,0,0,0,0,0,0,0,0,0,0,0,0,0,0,0,0,0,0,0,0,0,0,0,1,3,3,3,3,3,4,4,4,4,4,4,4,4,4,5,5,5,5,5,5,5,5,5,5,5,5,5,5,5,5,6,6
Gulf County ,FL,12,0,0,0,0,0,0,0,0,0,0,0,0,0,0,0,0,0,0,0,0,0,0,0,0,0,0,0,0,0,0,0,0,0,0,0,0,0,0,0,0,0,0,0,0,0,0,0,0,0,0,0,0,0,0,0,0,0,0,0,0,0,0,0,0,0,0,0,0,0,0,1,1,1,1,1,1,1,1,1,1,1,1,1,1,1,1,1,1,1,1,1,1,1,1,1,1,1,1,1,1
Hamilton County ,FL,12,0,0,0,0,0,0,0,0,0,0,0,0,0,0,0,0,0,0,0,0,0,0,0,0,0,0,0,0,0,0,0,0,0,0,0,0,0,0,0,0,0,0,0,0,0,0,0,0,0,0,0,0,0,0,0,0,0,0,0,0,0,0,0,0,0,0,0,0,0,0,0,0,0,0,0,1,1,1,1,2,2,2,2,2,2,2,3,3,3,3,4,6,6,6,6,6,6,6,6,6
Hardee County ,FL,12,0,0,0,0,0,0,0,0,0,0,0,0,0,0,0,0,0,0,0,0,0,0,0,0,0,0,0,0,0,0,0,0,0,0,0,0,0,0,0,0,0,0,0,0,0,0,0,0,0,0,0,0,0,0,0,0,0,0,0,0,0,0,0,0,0,0,0,0,0,0,1,1,1,1,2,2,2,2,3,3,3,3,3,3,3,4,4,4,4,4,4,4,5,9,10,10,13,14,16,18
Hendry County ,FL,12,0,0,0,0,0,0,0,0,0,0,0,0,0,0,0,0,0,0,0,0,0,0,0,0,0,0,0,0,0,0,0,0,0,0,0,0,0,0,0,0,0,0,0,0,0,0,0,0,0,0,0,0,0,0,0,0,0,0,0,0,0,0,0,0,0,0,1,2,3,4,4,4,5,6,7,9,9,11,13,15,16,20,22,23,26,27,31,39,41,44,46,55,59,64,64,65,68,72,80,83
Hernando County ,FL,12,0,0,0,0,0,0,0,0,0,0,0,0,0,0,0,0,0,0,0,0,0,0,0,0,0,0,0,0,0,0,0,0,0,0,0,0,0,0,0,0,0,0,0,0,0,0,0,0,0,0,0,0,0,0,0,0,0,1,5,5,5,5,5,8,9,12,14,20,21,24,28,34,38,40,43,48,51,57,62,64,69,71,71,71,73,76,83,83,83,83,83,83,83,86,88,88,89,89,89,90
Highlands County ,FL,12,0,0,0,0,0,0,0,0,0,0,0,0,0,0,0,0,0,0,0,0,0,0,0,0,0,0,0,0,0,0,0,0,0,0,0,0,0,0,0,0,0,0,0,0,0,0,0,0,0,0,0,0,0,0,0,0,0,0,0,0,1,2,4,5,5,6,10,12,14,17,21,24,26,30,35,36,37,44,46,47,54,56,61,62,64,66,66,66,70,71,71,71,74,76,76,76,80,81,81,81
Hillsborough County ,FL,12,0,0,0,0,0,0,0,0,0,0,0,0,0,0,0,0,0,0,0,0,0,0,0,0,0,0,0,0,0,0,0,0,0,0,0,0,0,0,0,0,1,1,1,1,1,1,1,1,1,2,2,2,4,4,5,9,14,20,42,47,58,75,91,123,151,174,206,225,272,305,362,404,463,497,536,575,608,631,657,676,698,759,813,819,870,878,924,943,960,973,979,986,1008,1022,1041,1048,1062,1080,1105,1124
Holmes County ,FL,12,0,0,0,0,0,0,0,0,0,0,0,0,0,0,0,0,0,0,0,0,0,0,0,0,0,0,0,0,0,0,0,0,0,0,0,0,0,0,0,0,0,0,0,0,0,0,0,0,0,0,0,0,0,0,0,0,0,0,0,0,0,0,0,0,0,0,0,0,1,1,1,1,1,1,1,1,2,2,2,2,2,2,2,4,4,4,5,5,6,6,8,8,9,9,9,9,9,9,9,10
Indian River County ,FL,12,0,0,0,0,0,0,0,0,0,0,0,0,0,0,0,0,0,0,0,0,0,0,0,0,0,0,0,0,0,0,0,0,0,0,0,0,0,0,0,0,0,0,0,0,0,0,0,0,0,0,0,0,0,0,0,0,0,1,1,5,8,10,11,12,14,15,16,20,25,33,35,41,47,50,55,60,62,65,68,70,72,74,77,77,78,83,83,83,84,85,85,85,88,89,89,89,90,90,90,90
Jackson County ,FL,12,0,0,0,0,0,0,0,0,0,0,0,0,0,0,0,0,0,0,0,0,0,0,0,0,0,0,0,0,0,0,0,0,0,0,0,0,0,0,0,0,0,0,0,0,0,0,0,0,0,0,0,0,0,0,0,0,0,1,1,1,1,1,1,1,1,1,1,2,2,2,4,4,4,4,4,4,4,4,5,5,6,6,6,6,6,8,8,8,8,9,11,11,13,13,13,13,13,13,14,14
Jefferson County ,FL,12,0,0,0,0,0,0,0,0,0,0,0,0,0,0,0,0,0,0,0,0,0,0,0,0,0,0,0,0,0,0,0,0,0,0,0,0,0,0,0,0,0,0,0,0,0,0,0,0,0,0,0,0,0,0,0,0,0,0,0,0,0,0,0,0,0,0,0,0,0,0,0,0,0,1,1,3,4,8,9,9,9,12,12,13,22,23,23,24,26,26,26,26,26,27,27,27,28,28,28,28
Lafayette County ,FL,12,0,0,0,0,0,0,0,0,0,0,0,0,0,0,0,0,0,0,0,0,0,0,0,0,0,0,0,0,0,0,0,0,0,0,0,0,0,0,0,0,0,0,0,0,0,0,0,0,0,0,0,0,0,0,0,0,0,0,0,0,0,0,0,0,0,0,0,0,0,0,0,0,0,0,0,0,0,1,1,1,1,1,1,1,1,1,1,1,1,1,1,1,1,1,1,1,1,1,1,1
Lake County ,FL,12,0,0,0,0,0,0,0,0,0,0,0,0,0,0,0,0,0,0,0,0,0,0,0,0,0,0,0,0,0,0,0,0,0,0,0,0,0,0,0,0,0,0,0,0,0,0,0,0,0,0,0,0,0,0,1,1,2,3,4,4,6,9,14,22,26,32,38,44,50,66,71,82,88,95,101,107,122,139,140,149,150,150,162,169,180,186,197,203,207,211,213,214,217,219,221,222,223,226,227,227
Lee County ,FL,12,0,0,0,0,0,0,0,0,0,0,0,0,0,0,0,0,0,0,0,0,0,0,0,0,0,0,0,0,0,0,0,0,0,0,0,0,0,0,0,0,0,0,0,0,0,2,2,2,2,3,4,4,5,5,5,7,11,11,14,17,26,30,32,52,66,95,119,152,171,206,235,275,304,348,379,400,439,476,522,572,598,617,642,657,677,687,721,739,769,785,795,821,887,940,944,961,971,990,1003,1021
Leon County ,FL,12,0,0,0,0,0,0,0,0,0,0,0,0,0,0,0,0,0,0,0,0,0,0,0,0,0,0,0,0,0,0,0,0,0,0,0,0,0,0,0,0,0,0,0,0,0,0,0,0,0,0,0,0,0,0,0,0,1,4,4,4,5,6,8,8,13,15,17,18,23,26,32,35,39,42,42,59,68,72,78,91,113,120,150,150,155,165,169,169,176,184,186,187,191,207,208,210,212,213,214,219
Levy County ,FL,12,0,0,0,0,0,0,0,0,0,0,0,0,0,0,0,0,0,0,0,0,0,0,0,0,0,0,0,0,0,0,0,0,0,0,0,0,0,0,0,0,0,0,0,0,0,0,0,0,0,0,0,0,0,0,0,0,0,0,0,0,0,0,0,0,0,1,1,2,2,2,2,2,2,2,4,4,5,6,6,6,7,7,7,7,9,9,9,11,12,12,12,13,13,13,13,13,13,18,18,19
Liberty County ,FL,12,0,0,0,0,0,0,0,0,0,0,0,0,0,0,0,0,0,0,0,0,0,0,0,0,0,0,0,0,0,0,0,0,0,0,0,0,0,0,0,0,0,0,0,0,0,0,0,0,0,0,0,0,0,0,0,0,0,0,0,0,0,0,0,0,0,0,0,0,0,0,0,0,0,0,0,0,0,0,0,1,1,1,2,2,2,2,2,2,2,2,2,2,2,2,2,2,2,2,3,3
Madison County ,FL,12,0,0,0,0,0,0,0,0,0,0,0,0,0,0,0,0,0,0,0,0,0,0,0,0,0,0,0,0,0,0,0,0,0,0,0,0,0,0,0,0,0,0,0,0,0,0,0,0,0,0,0,0,0,0,0,0,0,0,0,0,0,0,0,0,0,0,0,0,0,0,2,2,4,6,10,11,11,12,12,14,14,14,14,14,15,16,19,20,21,23,26,35,40,41,41,43,44,49,49,55
Manatee County ,FL,12,0,0,0,0,0,0,0,0,0,0,0,0,0,0,0,0,0,0,0,0,0,0,0,0,0,0,0,0,0,0,0,0,0,0,0,0,0,0,0,0,0,0,0,0,0,0,1,2,2,2,2,4,4,4,6,7,8,9,11,13,13,15,16,25,25,29,32,38,42,53,70,89,104,129,136,145,164,172,179,200,221,236,252,261,277,309,326,362,417,433,443,448,473,491,497,508,533,563,567,580
Marion County ,FL,12,0,0,0,0,0,0,0,0,0,0,0,0,0,0,0,0,0,0,0,0,0,0,0,0,0,0,0,0,0,0,0,0,0,0,0,0,0,0,0,0,0,0,0,0,0,0,0,0,0,0,0,0,0,0,0,0,0,0,0,2,3,4,4,5,5,9,18,22,23,25,30,33,38,42,50,55,62,68,75,83,87,93,101,104,106,112,116,118,121,129,130,132,145,148,150,151,151,160,165,175
Martin County ,FL,12,0,0,0,0,0,0,0,0,0,0,0,0,0,0,0,0,0,0,0,0,0,0,0,0,0,0,0,0,0,0,0,0,0,0,0,0,0,0,0,0,0,0,0,0,0,0,0,0,0,0,0,0,0,0,0,0,0,1,1,1,2,4,4,7,11,17,26,27,27,28,33,34,42,53,60,85,100,108,109,115,117,122,129,135,140,142,147,148,151,155,160,162,166,169,169,174,183,185,186,191
Miami-Dade County ,FL,12,0,0,0,0,0,0,0,0,0,0,0,0,0,0,0,0,0,0,0,0,0,0,0,0,0,0,0,0,0,0,0,0,0,0,0,0,0,0,0,0,0,0,0,0,0,0,0,0,0,0,2,8,13,13,23,43,77,101,142,169,227,278,338,491,654,869,1121,1472,1701,2123,2202,2886,3364,3890,4146,4671,5126,5461,5898,6300,6758,7058,7459,7712,8063,8326,8824,9045,9354,9657,10056,10289,10588,10926,11005,11351,11570,11831,11927,12063
Monroe County ,FL,12,0,0,0,0,0,0,0,0,0,0,0,0,0,0,0,0,0,0,0,0,0,0,0,0,0,0,0,0,0,0,0,0,0,0,0,0,0,0,0,0,0,0,0,0,0,0,0,0,0,0,0,0,0,0,0,0,0,0,1,1,1,2,3,11,14,19,22,23,26,27,30,38,40,42,44,46,49,52,53,55,59,59,64,64,66,66,68,73,73,73,73,73,74,77,77,78,78,78,78,79
Nassau County ,FL,12,0,0,0,0,0,0,0,0,0,0,0,0,0,0,0,0,0,0,0,0,0,0,0,0,0,0,0,0,0,0,0,0,0,0,0,0,0,0,0,0,0,0,0,0,0,0,0,0,1,1,1,1,1,1,1,1,1,1,1,1,1,1,1,4,5,6,7,7,7,10,11,16,19,21,21,25,27,29,32,33,33,34,34,35,37,40,42,42,44,46,46,46,48,49,50,53,53,53,56,56
Okaloosa County ,FL,12,0,0,0,0,0,0,0,0,0,0,0,0,0,0,0,0,0,0,0,0,0,0,0,0,0,0,0,0,0,0,0,0,0,0,0,0,0,0,0,0,0,0,0,0,0,0,1,1,1,1,1,1,1,1,1,2,4,5,9,12,14,14,14,18,22,25,31,32,36,39,44,51,54,59,62,65,70,78,83,85,91,101,103,104,107,117,124,127,131,131,134,134,141,145,149,149,149,152,153,154
Okeechobee County ,FL,12,0,0,0,0,0,0,0,0,0,0,0,0,0,0,0,0,0,0,0,0,0,0,0,0,0,0,0,0,0,0,0,0,0,0,0,0,0,0,0,0,0,0,0,0,0,0,0,0,0,0,0,0,0,0,0,0,0,0,0,0,0,0,0,0,0,0,0,0,0,0,1,1,2,3,3,4,5,5,5,5,5,5,5,5,5,5,5,6,7,7,8,8,9,9,9,9,10,10,10,11
Orange County ,FL,12,0,0,0,0,0,0,0,0,0,0,0,0,0,0,0,0,0,0,0,0,0,0,0,0,0,0,0,0,0,0,0,0,0,0,0,0,0,0,0,0,0,0,0,0,0,0,0,0,0,0,0,1,2,2,3,6,11,19,23,29,33,48,50,89,119,174,213,268,300,373,458,541,602,657,713,754,768,824,860,902,923,949,1024,1038,1072,1114,1158,1180,1198,1216,1235,1258,1274,1290,1304,1322,1339,1363,1371,1385
Osceola County ,FL,12,0,0,0,0,0,0,0,0,0,0,0,0,0,0,0,0,0,0,0,0,0,0,0,0,0,0,0,0,0,0,0,0,0,0,0,0,0,0,0,0,0,0,0,0,0,0,0,0,0,0,0,1,1,1,4,7,8,13,14,21,24,25,26,39,45,56,74,89,94,110,140,170,201,216,229,241,256,277,295,305,317,323,333,349,361,384,392,403,409,410,417,427,449,461,463,463,470,474,478,478
Palm Beach County ,FL,12,0,0,0,0,0,0,0,0,0,0,0,0,0,0,0,0,0,0,0,0,0,0,0,0,0,0,0,0,0,0,0,0,0,0,0,0,0,0,0,0,0,0,0,0,0,0,0,0,0,0,2,5,5,5,8,13,21,29,45,56,72,89,101,141,174,241,318,383,463,551,616,737,858,954,1000,1082,1159,1224,1333,1431,1499,1646,1704,1740,1816,1867,2088,2138,2170,2260,2320,2413,2554,2600,2614,2697,2763,2877,2911,2963
Pasco County ,FL,12,0,0,0,0,0,0,0,0,0,0,0,0,0,0,0,0,0,0,0,0,0,0,0,0,0,0,0,0,0,0,0,0,0,0,0,0,0,0,0,0,0,0,0,0,0,0,0,0,1,1,1,1,2,2,2,2,3,5,8,8,11,14,15,18,21,25,34,35,38,40,51,66,77,90,102,114,122,127,139,143,150,160,169,177,186,190,192,198,205,209,213,220,221,230,232,232,237,239,241,249
Pinellas County ,FL,12,0,0,0,0,0,0,0,0,0,0,0,0,0,0,0,0,0,0,0,0,0,0,0,0,0,0,0,0,0,0,0,0,0,0,0,0,0,0,0,0,0,0,0,0,0,0,0,0,2,2,2,2,2,2,4,4,12,16,27,29,38,41,45,54,65,82,111,116,129,167,233,273,318,342,359,372,387,395,422,431,446,455,479,494,513,530,565,587,592,607,632,641,656,673,677,687,698,709,718,729
Polk County ,FL,12,0,0,0,0,0,0,0,0,0,0,0,0,0,0,0,0,0,0,0,0,0,0,0,0,0,0,0,0,0,0,0,0,0,0,0,0,0,0,0,0,0,0,0,0,0,0,0,0,0,0,0,0,0,0,0,1,2,4,10,10,11,13,13,15,20,28,37,46,63,73,91,103,126,142,157,180,199,206,234,241,244,254,270,279,287,304,316,320,326,335,356,364,379,393,400,410,441,457,468,483
Putnam County ,FL,12,0,0,0,0,0,0,0,0,0,0,0,0,0,0,0,0,0,0,0,0,0,0,0,0,0,0,0,0,0,0,0,0,0,0,0,0,0,0,0,0,0,0,0,0,0,0,0,0,0,0,0,0,0,0,0,0,0,0,1,1,2,2,2,5,12,12,12,12,13,13,13,14,15,18,19,19,20,24,25,29,34,42,42,43,46,49,52,55,56,58,59,68,75,81,83,87,87,103,103,106
St. Johns County ,FL,12,0,0,0,0,0,0,0,0,0,0,0,0,0,0,0,0,0,0,0,0,0,0,0,0,0,0,0,0,0,0,0,0,0,0,0,0,0,0,0,0,0,0,0,0,0,0,0,0,0,0,0,0,0,1,2,3,4,4,8,9,16,18,22,28,36,42,50,59,61,79,90,102,119,132,141,147,154,156,163,165,170,173,176,177,178,182,186,188,190,192,194,195,200,203,203,204,204,207,207,208
St. Lucie County ,FL,12,0,0,0,0,0,0,0,0,0,0,0,0,0,0,0,0,0,0,0,0,0,0,0,0,0,0,0,0,0,0,0,0,0,0,0,0,0,0,0,0,0,0,0,0,0,0,0,0,0,0,0,0,0,0,0,0,0,0,1,1,3,5,6,9,11,17,22,24,31,38,47,48,60,76,82,107,122,129,137,146,149,152,161,165,172,186,191,196,202,204,206,213,220,223,225,228,236,239,239,247
Santa Rosa County ,FL,12,0,0,0,0,0,0,0,0,0,0,0,0,0,0,0,0,0,0,0,0,0,0,0,0,0,0,0,0,0,0,0,0,0,0,0,0,0,0,0,0,0,0,0,1,1,1,1,1,1,1,1,1,1,1,1,1,1,2,3,3,4,4,4,8,12,13,16,20,36,44,46,47,48,50,55,64,66,70,96,105,106,109,113,114,115,118,130,133,138,139,139,140,141,143,147,149,150,151,153,154
Sarasota County ,FL,12,0,0,0,0,0,0,0,0,0,0,0,0,0,0,0,0,0,0,0,0,0,0,0,0,0,0,0,0,0,0,0,0,0,0,0,0,0,0,0,0,0,0,0,0,0,0,0,0,0,1,1,1,1,1,3,4,4,6,10,14,17,21,26,32,34,43,50,61,67,76,99,110,124,129,140,159,173,184,201,211,223,226,230,241,253,260,274,279,284,291,297,302,310,314,318,321,323,334,338,352
Seminole County ,FL,12,0,0,0,0,0,0,0,0,0,0,0,0,0,0,0,0,0,0,0,0,0,0,0,0,0,0,0,0,0,0,0,0,0,0,0,0,0,0,0,0,0,0,0,0,0,0,0,0,1,1,1,1,1,1,4,4,7,8,11,12,19,22,23,32,40,54,68,81,88,103,128,145,163,178,191,195,202,218,229,238,242,255,268,275,284,306,313,315,320,325,328,333,340,348,351,357,367,373,373,379
Sumter County ,FL,12,0,0,0,0,0,0,0,0,0,0,0,0,0,0,0,0,0,0,0,0,0,0,0,0,0,0,0,0,0,0,0,0,0,0,0,0,0,0,0,0,0,0,0,0,0,0,0,0,0,0,0,0,0,0,0,0,1,2,3,4,4,8,10,18,24,29,40,45,47,51,57,66,68,73,75,81,87,91,100,107,108,110,112,113,114,117,120,144,147,153,163,164,166,167,169,171,173,176,176,181
Suwannee County ,FL,12,0,0,0,0,0,0,0,0,0,0,0,0,0,0,0,0,0,0,0,0,0,0,0,0,0,0,0,0,0,0,0,0,0,0,0,0,0,0,0,0,0,0,0,0,0,0,0,0,0,0,0,0,0,0,0,0,0,0,0,0,0,0,0,0,0,1,1,2,3,3,6,7,11,17,18,31,33,47,54,59,67,67,68,75,81,83,87,90,98,98,102,104,106,107,109,116,118,128,129,130
Taylor County ,FL,12,0,0,0,0,0,0,0,0,0,0,0,0,0,0,0,0,0,0,0,0,0,0,0,0,0,0,0,0,0,0,0,0,0,0,0,0,0,0,0,0,0,0,0,0,0,0,0,0,0,0,0,0,0,0,0,0,0,0,0,0,0,0,0,0,0,0,0,0,0,0,0,0,0,0,0,0,1,1,1,1,1,1,1,1,1,1,1,1,1,2,2,2,3,3,3,3,3,3,3,3
Union County ,FL,12,0,0,0,0,0,0,0,0,0,0,0,0,0,0,0,0,0,0,0,0,0,0,0,0,0,0,0,0,0,0,0,0,0,0,0,0,0,0,0,0,0,0,0,0,0,0,0,0,0,0,0,0,0,0,0,0,0,0,0,0,0,0,0,0,0,0,0,0,0,1,1,1,1,1,2,2,2,2,2,2,2,2,2,2,2,2,2,2,2,2,3,3,3,4,4,4,4,4,4,4
Volusia County ,FL,12,0,0,0,0,0,0,0,0,0,0,0,0,0,0,0,0,0,0,0,0,0,0,0,0,0,0,0,0,0,0,0,0,0,0,0,0,0,0,0,0,0,0,0,0,0,0,1,2,2,2,3,4,4,5,7,9,9,9,10,11,14,16,18,28,34,43,44,60,69,80,93,102,125,134,151,153,163,165,178,190,193,201,216,226,243,255,270,291,333,342,366,376,420,428,432,434,440,445,448,452
Wakulla County ,FL,12,0,0,0,0,0,0,0,0,0,0,0,0,0,0,0,0,0,0,0,0,0,0,0,0,0,0,0,0,0,0,0,0,0,0,0,0,0,0,0,0,0,0,0,0,0,0,0,0,0,0,0,0,0,0,0,0,0,0,0,0,0,0,0,0,0,0,0,1,1,1,2,2,3,5,6,6,6,7,7,7,7,8,12,12,13,14,14,14,14,15,15,16,17,20,20,21,22,22,22,23
Walton County ,FL,12,0,0,0,0,0,0,0,0,0,0,0,0,0,0,0,0,0,0,0,0,0,0,0,0,0,0,0,0,0,0,0,0,0,0,0,0,0,0,0,0,0,0,0,0,0,0,0,0,0,0,0,0,0,0,0,0,1,1,3,4,4,9,10,13,13,14,15,15,16,18,18,19,19,21,23,25,26,26,26,27,29,29,29,29,29,29,31,32,32,32,32,32,34,35,35,35,35,35,35,38
Washington County ,FL,12,0,0,0,0,0,0,0,0,0,0,0,0,0,0,0,0,0,0,0,0,0,0,0,0,0,0,0,0,0,0,0,0,0,0,0,0,0,0,0,0,0,0,0,0,0,0,0,0,0,0,0,0,0,0,0,0,0,0,0,0,0,0,0,0,0,1,1,1,1,1,1,1,1,1,1,1,2,2,3,3,4,4,4,5,5,5,5,5,6,6,9,10,10,12,12,12,12,12,12,12